Ruta archivo,Prediccion;;;;Ruta archivo;Prediccion
benigno\benigno_01.jpg,maligno;;;;benigno\benigno_01.jpg;maligno
benigno\benigno_02.jpg,maligno;;;;benigno\benigno_02.jpg;maligno
benigno\benigno_03.jpg,benigno;;;;benigno\benigno_03.jpg;benigno
benigno\benigno_04.jpg,maligno;;;;benigno\benigno_04.jpg;maligno
benigno\benigno_05.jpg,maligno;;;;benigno\benigno_05.jpg;maligno
benigno\benigno_06.jpg,benigno;;;;benigno\benigno_06.jpg;benigno
benigno\benigno_101.jpg,maligno;;;;benigno\benigno_101.jpg;maligno
benigno\benigno_102.jpg,benigno;;;;benigno\benigno_102.jpg;benigno
benigno\benigno_103.jpg,benigno;;;;benigno\benigno_103.jpg;benigno
benigno\benigno_104.jpg,benigno;;;;benigno\benigno_104.jpg;benigno
benigno\benigno_105.jpg,benigno;;;;benigno\benigno_105.jpg;benigno
benigno\benigno_106.jpg,benigno;;;;benigno\benigno_106.jpg;benigno
benigno\benigno_11.jpg,benigno;;;;benigno\benigno_11.jpg;benigno
benigno\benigno_111.jpg,benigno;;;;benigno\benigno_111.jpg;benigno
benigno\benigno_112.jpg,benigno;;;;benigno\benigno_112.jpg;benigno
benigno\benigno_113.jpg,maligno;;;;benigno\benigno_113.jpg;maligno
benigno\benigno_114.jpg,benigno;;;;benigno\benigno_114.jpg;benigno
benigno\benigno_115.jpg,benigno;;;;benigno\benigno_115.jpg;benigno
benigno\benigno_116.jpg,benigno;;;;benigno\benigno_116.jpg;benigno
benigno\benigno_12.jpg,benigno;;;;benigno\benigno_12.jpg;benigno
benigno\benigno_121.jpg,benigno;;;;benigno\benigno_121.jpg;benigno
benigno\benigno_122.jpg,maligno;;;;benigno\benigno_122.jpg;maligno
benigno\benigno_123.jpg,benigno;;;;benigno\benigno_123.jpg;benigno
benigno\benigno_124.jpg,benigno;;;;benigno\benigno_124.jpg;benigno
benigno\benigno_125.jpg,benigno;;;;benigno\benigno_125.jpg;benigno
benigno\benigno_126.jpg,maligno;;;;benigno\benigno_126.jpg;maligno
benigno\benigno_13.jpg,benigno;;;;benigno\benigno_13.jpg;benigno
benigno\benigno_131.jpg,benigno;;;;benigno\benigno_131.jpg;benigno
benigno\benigno_132.jpg,benigno;;;;benigno\benigno_132.jpg;benigno
benigno\benigno_133.jpg,benigno;;;;benigno\benigno_133.jpg;benigno
benigno\benigno_134.jpg,benigno;;;;benigno\benigno_134.jpg;benigno
benigno\benigno_135.jpg,benigno;;;;benigno\benigno_135.jpg;benigno
benigno\benigno_136.jpg,benigno;;;;benigno\benigno_136.jpg;benigno
benigno\benigno_14.jpg,maligno;;;;benigno\benigno_14.jpg;maligno
benigno\benigno_141.jpg,maligno;;;;benigno\benigno_141.jpg;maligno
benigno\benigno_142.jpg,benigno;;;;benigno\benigno_142.jpg;benigno
benigno\benigno_143.jpg,maligno;;;;benigno\benigno_143.jpg;maligno
benigno\benigno_144.jpg,benigno;;;;benigno\benigno_144.jpg;benigno
benigno\benigno_145.jpg,maligno;;;;benigno\benigno_145.jpg;maligno
benigno\benigno_146.jpg,benigno;;;;benigno\benigno_146.jpg;benigno
benigno\benigno_15.jpg,benigno;;;;benigno\benigno_15.jpg;benigno
benigno\benigno_151.jpg,benigno;;;;benigno\benigno_151.jpg;benigno
benigno\benigno_152.jpg,benigno;;;;benigno\benigno_152.jpg;benigno
benigno\benigno_153.jpg,maligno;;;;benigno\benigno_153.jpg;maligno
benigno\benigno_154.jpg,benigno;;;;benigno\benigno_154.jpg;benigno
benigno\benigno_155.jpg,maligno;;;;benigno\benigno_155.jpg;maligno
benigno\benigno_156.jpg,maligno;;;;benigno\benigno_156.jpg;maligno
benigno\benigno_16.jpg,benigno;;;;benigno\benigno_16.jpg;benigno
benigno\benigno_161.jpg,benigno;;;;benigno\benigno_161.jpg;benigno
benigno\benigno_162.jpg,benigno;;;;benigno\benigno_162.jpg;benigno
benigno\benigno_163.jpg,benigno;;;;benigno\benigno_163.jpg;benigno
benigno\benigno_164.jpg,benigno;;;;benigno\benigno_164.jpg;benigno
benigno\benigno_165.jpg,benigno;;;;benigno\benigno_165.jpg;benigno
benigno\benigno_166.jpg,benigno;;;;benigno\benigno_166.jpg;benigno
benigno\benigno_171.jpg,maligno;;;;benigno\benigno_171.jpg;maligno
benigno\benigno_172.jpg,benigno;;;;benigno\benigno_172.jpg;benigno
benigno\benigno_173.jpg,benigno;;;;benigno\benigno_173.jpg;benigno
benigno\benigno_174.jpg,benigno;;;;benigno\benigno_174.jpg;benigno
benigno\benigno_175.jpg,benigno;;;;benigno\benigno_175.jpg;benigno
benigno\benigno_176.jpg,benigno;;;;benigno\benigno_176.jpg;benigno
benigno\benigno_181.jpg,benigno;;;;benigno\benigno_181.jpg;benigno
benigno\benigno_182.jpg,benigno;;;;benigno\benigno_182.jpg;benigno
benigno\benigno_183.jpg,benigno;;;;benigno\benigno_183.jpg;benigno
benigno\benigno_184.jpg,benigno;;;;benigno\benigno_184.jpg;benigno
benigno\benigno_185.jpg,benigno;;;;benigno\benigno_185.jpg;benigno
benigno\benigno_186.jpg,benigno;;;;benigno\benigno_186.jpg;benigno
benigno\benigno_191.jpg,benigno;;;;benigno\benigno_191.jpg;benigno
benigno\benigno_192.jpg,benigno;;;;benigno\benigno_192.jpg;benigno
benigno\benigno_193.jpg,benigno;;;;benigno\benigno_193.jpg;benigno
benigno\benigno_194.jpg,benigno;;;;benigno\benigno_194.jpg;benigno
benigno\benigno_195.jpg,benigno;;;;benigno\benigno_195.jpg;benigno
benigno\benigno_196.jpg,benigno;;;;benigno\benigno_196.jpg;benigno
benigno\benigno_201.jpg,benigno;;;;benigno\benigno_201.jpg;benigno
benigno\benigno_202.jpg,benigno;;;;benigno\benigno_202.jpg;benigno
benigno\benigno_203.jpg,benigno;;;;benigno\benigno_203.jpg;benigno
benigno\benigno_204.jpg,benigno;;;;benigno\benigno_204.jpg;benigno
benigno\benigno_205.jpg,benigno;;;;benigno\benigno_205.jpg;benigno
benigno\benigno_206.jpg,benigno;;;;benigno\benigno_206.jpg;benigno
benigno\benigno_21.jpg,benigno;;;;benigno\benigno_21.jpg;benigno
benigno\benigno_211.jpg,benigno;;;;benigno\benigno_211.jpg;benigno
benigno\benigno_212.jpg,benigno;;;;benigno\benigno_212.jpg;benigno
benigno\benigno_213.jpg,benigno;;;;benigno\benigno_213.jpg;benigno
benigno\benigno_214.jpg,benigno;;;;benigno\benigno_214.jpg;benigno
benigno\benigno_215.jpg,benigno;;;;benigno\benigno_215.jpg;benigno
benigno\benigno_216.jpg,benigno;;;;benigno\benigno_216.jpg;benigno
benigno\benigno_22.jpg,maligno;;;;benigno\benigno_22.jpg;maligno
benigno\benigno_221.jpg,benigno;;;;benigno\benigno_221.jpg;benigno
benigno\benigno_222.jpg,benigno;;;;benigno\benigno_222.jpg;benigno
benigno\benigno_223.jpg,benigno;;;;benigno\benigno_223.jpg;benigno
benigno\benigno_224.jpg,benigno;;;;benigno\benigno_224.jpg;benigno
benigno\benigno_225.jpg,benigno;;;;benigno\benigno_225.jpg;benigno
benigno\benigno_226.jpg,benigno;;;;benigno\benigno_226.jpg;benigno
benigno\benigno_23.jpg,benigno;;;;benigno\benigno_23.jpg;benigno
benigno\benigno_231.jpg,benigno;;;;benigno\benigno_231.jpg;benigno
benigno\benigno_232.jpg,benigno;;;;benigno\benigno_232.jpg;benigno
benigno\benigno_233.jpg,benigno;;;;benigno\benigno_233.jpg;benigno
benigno\benigno_234.jpg,benigno;;;;benigno\benigno_234.jpg;benigno
benigno\benigno_235.jpg,benigno;;;;benigno\benigno_235.jpg;benigno
benigno\benigno_236.jpg,benigno;;;;benigno\benigno_236.jpg;benigno
benigno\benigno_24.jpg,benigno;;;;benigno\benigno_24.jpg;benigno
benigno\benigno_241.jpg,maligno;;;;benigno\benigno_241.jpg;maligno
benigno\benigno_242.jpg,maligno;;;;benigno\benigno_242.jpg;maligno
benigno\benigno_243.jpg,maligno;;;;benigno\benigno_243.jpg;maligno
benigno\benigno_244.jpg,maligno;;;;benigno\benigno_244.jpg;maligno
benigno\benigno_245.jpg,maligno;;;;benigno\benigno_245.jpg;maligno
benigno\benigno_246.jpg,maligno;;;;benigno\benigno_246.jpg;maligno
benigno\benigno_25.jpg,benigno;;;;benigno\benigno_25.jpg;benigno
benigno\benigno_251.jpg,maligno;;;;benigno\benigno_251.jpg;maligno
benigno\benigno_252.jpg,maligno;;;;benigno\benigno_252.jpg;maligno
benigno\benigno_253.jpg,maligno;;;;benigno\benigno_253.jpg;maligno
benigno\benigno_254.jpg,maligno;;;;benigno\benigno_254.jpg;maligno
benigno\benigno_255.jpg,maligno;;;;benigno\benigno_255.jpg;maligno
benigno\benigno_256.jpg,maligno;;;;benigno\benigno_256.jpg;maligno
benigno\benigno_26.jpg,benigno;;;;benigno\benigno_26.jpg;benigno
benigno\benigno_261.jpg,benigno;;;;benigno\benigno_261.jpg;benigno
benigno\benigno_262.jpg,benigno;;;;benigno\benigno_262.jpg;benigno
benigno\benigno_263.jpg,maligno;;;;benigno\benigno_263.jpg;maligno
benigno\benigno_264.jpg,benigno;;;;benigno\benigno_264.jpg;benigno
benigno\benigno_265.jpg,benigno;;;;benigno\benigno_265.jpg;benigno
benigno\benigno_266.jpg,maligno;;;;benigno\benigno_266.jpg;maligno
benigno\benigno_271.jpg,benigno;;;;benigno\benigno_271.jpg;benigno
benigno\benigno_272.jpg,benigno;;;;benigno\benigno_272.jpg;benigno
benigno\benigno_273.jpg,benigno;;;;benigno\benigno_273.jpg;benigno
benigno\benigno_274.jpg,benigno;;;;benigno\benigno_274.jpg;benigno
benigno\benigno_275.jpg,benigno;;;;benigno\benigno_275.jpg;benigno
benigno\benigno_276.jpg,benigno;;;;benigno\benigno_276.jpg;benigno
benigno\benigno_281.jpg,maligno;;;;benigno\benigno_281.jpg;maligno
benigno\benigno_282.jpg,benigno;;;;benigno\benigno_282.jpg;benigno
benigno\benigno_283.jpg,benigno;;;;benigno\benigno_283.jpg;benigno
benigno\benigno_284.jpg,maligno;;;;benigno\benigno_284.jpg;maligno
benigno\benigno_285.jpg,benigno;;;;benigno\benigno_285.jpg;benigno
benigno\benigno_286.jpg,maligno;;;;benigno\benigno_286.jpg;maligno
benigno\benigno_291.jpg,benigno;;;;benigno\benigno_291.jpg;benigno
benigno\benigno_292.jpg,benigno;;;;benigno\benigno_292.jpg;benigno
benigno\benigno_293.jpg,benigno;;;;benigno\benigno_293.jpg;benigno
benigno\benigno_294.jpg,benigno;;;;benigno\benigno_294.jpg;benigno
benigno\benigno_295.jpg,benigno;;;;benigno\benigno_295.jpg;benigno
benigno\benigno_296.jpg,benigno;;;;benigno\benigno_296.jpg;benigno
benigno\benigno_301.jpg,benigno;;;;benigno\benigno_301.jpg;benigno
benigno\benigno_302.jpg,benigno;;;;benigno\benigno_302.jpg;benigno
benigno\benigno_303.jpg,benigno;;;;benigno\benigno_303.jpg;benigno
benigno\benigno_304.jpg,benigno;;;;benigno\benigno_304.jpg;benigno
benigno\benigno_305.jpg,benigno;;;;benigno\benigno_305.jpg;benigno
benigno\benigno_306.jpg,benigno;;;;benigno\benigno_306.jpg;benigno
benigno\benigno_31.jpg,benigno;;;;benigno\benigno_31.jpg;benigno
benigno\benigno_311.jpg,benigno;;;;benigno\benigno_311.jpg;benigno
benigno\benigno_312.jpg,benigno;;;;benigno\benigno_312.jpg;benigno
benigno\benigno_313.jpg,benigno;;;;benigno\benigno_313.jpg;benigno
benigno\benigno_314.jpg,benigno;;;;benigno\benigno_314.jpg;benigno
benigno\benigno_315.jpg,benigno;;;;benigno\benigno_315.jpg;benigno
benigno\benigno_316.jpg,benigno;;;;benigno\benigno_316.jpg;benigno
benigno\benigno_32.jpg,maligno;;;;benigno\benigno_32.jpg;maligno
benigno\benigno_321.jpg,maligno;;;;benigno\benigno_321.jpg;maligno
benigno\benigno_322.jpg,benigno;;;;benigno\benigno_322.jpg;benigno
benigno\benigno_323.jpg,benigno;;;;benigno\benigno_323.jpg;benigno
benigno\benigno_324.jpg,benigno;;;;benigno\benigno_324.jpg;benigno
benigno\benigno_325.jpg,benigno;;;;benigno\benigno_325.jpg;benigno
benigno\benigno_326.jpg,benigno;;;;benigno\benigno_326.jpg;benigno
benigno\benigno_33.jpg,benigno;;;;benigno\benigno_33.jpg;benigno
benigno\benigno_331.jpg,benigno;;;;benigno\benigno_331.jpg;benigno
benigno\benigno_332.jpg,benigno;;;;benigno\benigno_332.jpg;benigno
benigno\benigno_333.jpg,maligno;;;;benigno\benigno_333.jpg;maligno
benigno\benigno_334.jpg,benigno;;;;benigno\benigno_334.jpg;benigno
benigno\benigno_335.jpg,benigno;;;;benigno\benigno_335.jpg;benigno
benigno\benigno_336.jpg,maligno;;;;benigno\benigno_336.jpg;maligno
benigno\benigno_34.jpg,benigno;;;;benigno\benigno_34.jpg;benigno
benigno\benigno_341.jpg,benigno;;;;benigno\benigno_341.jpg;benigno
benigno\benigno_342.jpg,benigno;;;;benigno\benigno_342.jpg;benigno
benigno\benigno_343.jpg,benigno;;;;benigno\benigno_343.jpg;benigno
benigno\benigno_344.jpg,benigno;;;;benigno\benigno_344.jpg;benigno
benigno\benigno_345.jpg,maligno;;;;benigno\benigno_345.jpg;maligno
benigno\benigno_346.jpg,benigno;;;;benigno\benigno_346.jpg;benigno
benigno\benigno_35.jpg,benigno;;;;benigno\benigno_35.jpg;benigno
benigno\benigno_351.jpg,benigno;;;;benigno\benigno_351.jpg;benigno
benigno\benigno_352.jpg,benigno;;;;benigno\benigno_352.jpg;benigno
benigno\benigno_353.jpg,benigno;;;;benigno\benigno_353.jpg;benigno
benigno\benigno_354.jpg,benigno;;;;benigno\benigno_354.jpg;benigno
benigno\benigno_355.jpg,benigno;;;;benigno\benigno_355.jpg;benigno
benigno\benigno_356.jpg,benigno;;;;benigno\benigno_356.jpg;benigno
benigno\benigno_36.jpg,maligno;;;;benigno\benigno_36.jpg;maligno
benigno\benigno_361.jpg,benigno;;;;benigno\benigno_361.jpg;benigno
benigno\benigno_362.jpg,maligno;;;;benigno\benigno_362.jpg;maligno
benigno\benigno_363.jpg,benigno;;;;benigno\benigno_363.jpg;benigno
benigno\benigno_364.jpg,benigno;;;;benigno\benigno_364.jpg;benigno
benigno\benigno_365.jpg,benigno;;;;benigno\benigno_365.jpg;benigno
benigno\benigno_366.jpg,maligno;;;;benigno\benigno_366.jpg;maligno
benigno\benigno_371.jpg,maligno;;;;benigno\benigno_371.jpg;maligno
benigno\benigno_372.jpg,benigno;;;;benigno\benigno_372.jpg;benigno
benigno\benigno_373.jpg,benigno;;;;benigno\benigno_373.jpg;benigno
benigno\benigno_374.jpg,benigno;;;;benigno\benigno_374.jpg;benigno
benigno\benigno_375.jpg,benigno;;;;benigno\benigno_375.jpg;benigno
benigno\benigno_376.jpg,benigno;;;;benigno\benigno_376.jpg;benigno
benigno\benigno_381.jpg,benigno;;;;benigno\benigno_381.jpg;benigno
benigno\benigno_382.jpg,benigno;;;;benigno\benigno_382.jpg;benigno
benigno\benigno_383.jpg,benigno;;;;benigno\benigno_383.jpg;benigno
benigno\benigno_384.jpg,benigno;;;;benigno\benigno_384.jpg;benigno
benigno\benigno_385.jpg,benigno;;;;benigno\benigno_385.jpg;benigno
benigno\benigno_386.jpg,benigno;;;;benigno\benigno_386.jpg;benigno
benigno\benigno_41.jpg,benigno;;;;benigno\benigno_41.jpg;benigno
benigno\benigno_42.jpg,benigno;;;;benigno\benigno_42.jpg;benigno
benigno\benigno_43.jpg,benigno;;;;benigno\benigno_43.jpg;benigno
benigno\benigno_44.jpg,benigno;;;;benigno\benigno_44.jpg;benigno
benigno\benigno_45.jpg,benigno;;;;benigno\benigno_45.jpg;benigno
benigno\benigno_46.jpg,benigno;;;;benigno\benigno_46.jpg;benigno
benigno\benigno_51.jpg,benigno;;;;benigno\benigno_51.jpg;benigno
benigno\benigno_52.jpg,benigno;;;;benigno\benigno_52.jpg;benigno
benigno\benigno_53.jpg,benigno;;;;benigno\benigno_53.jpg;benigno
benigno\benigno_54.jpg,benigno;;;;benigno\benigno_54.jpg;benigno
benigno\benigno_55.jpg,benigno;;;;benigno\benigno_55.jpg;benigno
benigno\benigno_56.jpg,benigno;;;;benigno\benigno_56.jpg;benigno
benigno\benigno_61.jpg,benigno;;;;benigno\benigno_61.jpg;benigno
benigno\benigno_62.jpg,benigno;;;;benigno\benigno_62.jpg;benigno
benigno\benigno_63.jpg,maligno;;;;benigno\benigno_63.jpg;maligno
benigno\benigno_64.jpg,benigno;;;;benigno\benigno_64.jpg;benigno
benigno\benigno_65.jpg,benigno;;;;benigno\benigno_65.jpg;benigno
benigno\benigno_66.jpg,benigno;;;;benigno\benigno_66.jpg;benigno
benigno\benigno_71.jpg,benigno;;;;benigno\benigno_71.jpg;benigno
benigno\benigno_72.jpg,benigno;;;;benigno\benigno_72.jpg;benigno
benigno\benigno_73.jpg,benigno;;;;benigno\benigno_73.jpg;benigno
benigno\benigno_74.jpg,benigno;;;;benigno\benigno_74.jpg;benigno
benigno\benigno_75.jpg,benigno;;;;benigno\benigno_75.jpg;benigno
benigno\benigno_76.jpg,benigno;;;;benigno\benigno_76.jpg;benigno
benigno\benigno_81.jpg,benigno;;;;benigno\benigno_81.jpg;benigno
benigno\benigno_82.jpg,benigno;;;;benigno\benigno_82.jpg;benigno
benigno\benigno_83.jpg,benigno;;;;benigno\benigno_83.jpg;benigno
benigno\benigno_84.jpg,benigno;;;;benigno\benigno_84.jpg;benigno
benigno\benigno_85.jpg,benigno;;;;benigno\benigno_85.jpg;benigno
benigno\benigno_86.jpg,maligno;;;;benigno\benigno_86.jpg;maligno
benigno\benigno_91.jpg,benigno;;;;benigno\benigno_91.jpg;benigno
benigno\benigno_92.jpg,benigno;;;;benigno\benigno_92.jpg;benigno
benigno\benigno_93.jpg,benigno;;;;benigno\benigno_93.jpg;benigno
benigno\benigno_94.jpg,benigno;;;;benigno\benigno_94.jpg;benigno
benigno\benigno_95.jpg,benigno;;;;benigno\benigno_95.jpg;benigno
benigno\benigno_96.jpg,benigno;;;;benigno\benigno_96.jpg;benigno
benigno\imagenB_0101.jpg,benigno;;;;benigno\imagenB_0101.jpg;benigno
benigno\imagenB_011.jpg,benigno;;;;benigno\imagenB_011.jpg;benigno
benigno\imagenB_0110.jpg,benigno;;;;benigno\imagenB_0110.jpg;benigno
benigno\imagenB_0112.jpg,benigno;;;;benigno\imagenB_0112.jpg;benigno
benigno\imagenB_0113.jpg,benigno;;;;benigno\imagenB_0113.jpg;benigno
benigno\imagenB_0139.jpg,benigno;;;;benigno\imagenB_0139.jpg;benigno
benigno\imagenB_0141.jpg,benigno;;;;benigno\imagenB_0141.jpg;benigno
benigno\imagenB_0146.jpg,benigno;;;;benigno\imagenB_0146.jpg;benigno
benigno\imagenB_0150.jpg,benigno;;;;benigno\imagenB_0150.jpg;benigno
benigno\imagenB_0163.jpg,benigno;;;;benigno\imagenB_0163.jpg;benigno
benigno\imagenB_0170.jpg,benigno;;;;benigno\imagenB_0170.jpg;benigno
benigno\imagenB_0172.jpg,benigno;;;;benigno\imagenB_0172.jpg;benigno
benigno\imagenB_0190.jpg,benigno;;;;benigno\imagenB_0190.jpg;benigno
benigno\imagenB_02.jpg,benigno;;;;benigno\imagenB_02.jpg;benigno
benigno\imagenB_020.jpg,maligno;;;;benigno\imagenB_020.jpg;maligno
benigno\imagenB_0201.jpg,maligno;;;;benigno\imagenB_0201.jpg;maligno
benigno\imagenB_0206.jpg,benigno;;;;benigno\imagenB_0206.jpg;benigno
benigno\imagenB_0211.jpg,benigno;;;;benigno\imagenB_0211.jpg;benigno
benigno\imagenB_0225.jpg,benigno;;;;benigno\imagenB_0225.jpg;benigno
benigno\imagenB_0227.jpg,benigno;;;;benigno\imagenB_0227.jpg;benigno
benigno\imagenB_0256.jpg,benigno;;;;benigno\imagenB_0256.jpg;benigno
benigno\imagenB_0292.jpg,benigno;;;;benigno\imagenB_0292.jpg;benigno
benigno\imagenB_0294.jpg,benigno;;;;benigno\imagenB_0294.jpg;benigno
benigno\imagenB_0305.jpg,benigno;;;;benigno\imagenB_0305.jpg;benigno
benigno\imagenB_0331.jpg,maligno;;;;benigno\imagenB_0331.jpg;maligno
benigno\imagenB_0358.jpg,maligno;;;;benigno\imagenB_0358.jpg;maligno
benigno\imagenB_0370.jpg,benigno;;;;benigno\imagenB_0370.jpg;benigno
benigno\imagenB_0371.jpg,benigno;;;;benigno\imagenB_0371.jpg;benigno
benigno\imagenB_0377.jpg,benigno;;;;benigno\imagenB_0377.jpg;benigno
benigno\imagenB_040.jpg,benigno;;;;benigno\imagenB_040.jpg;benigno
benigno\imagenB_045.jpg,benigno;;;;benigno\imagenB_045.jpg;benigno
benigno\imagenB_058.jpg,benigno;;;;benigno\imagenB_058.jpg;benigno
benigno\imagenB_069.jpg,benigno;;;;benigno\imagenB_069.jpg;benigno
benigno\imagenB_07.jpg,maligno;;;;benigno\imagenB_07.jpg;maligno
benigno\imagenB_085.jpg,benigno;;;;benigno\imagenB_085.jpg;benigno
benigno\imagenB_086.jpg,benigno;;;;benigno\imagenB_086.jpg;benigno
benigno\imagenB_088.jpg,benigno;;;;benigno\imagenB_088.jpg;benigno
benigno\imagenB_089.jpg,benigno;;;;benigno\imagenB_089.jpg;benigno
benigno\imagenB_096.jpg,benigno;;;;benigno\imagenB_096.jpg;benigno
maligno\imagenM_0101.jpg,benigno;;;;maligno\imagenM_0101.jpg;benigno
maligno\imagenM_011.jpg,benigno;;;;maligno\imagenM_011.jpg;benigno
maligno\imagenM_0110.jpg,benigno;;;;maligno\imagenM_0110.jpg;benigno
maligno\imagenM_0112.jpg,benigno;;;;maligno\imagenM_0112.jpg;benigno
maligno\imagenM_0113.jpg,benigno;;;;maligno\imagenM_0113.jpg;benigno
maligno\imagenM_0139.jpg,benigno;;;;maligno\imagenM_0139.jpg;benigno
maligno\imagenM_0141.jpg,benigno;;;;maligno\imagenM_0141.jpg;benigno
maligno\imagenM_0146.jpg,maligno;;;;maligno\imagenM_0146.jpg;maligno
maligno\imagenM_0150.jpg,maligno;;;;maligno\imagenM_0150.jpg;maligno
maligno\imagenM_0163.jpg,maligno;;;;maligno\imagenM_0163.jpg;maligno
maligno\imagenM_0170.jpg,benigno;;;;maligno\imagenM_0170.jpg;benigno
maligno\imagenM_0172.jpg,maligno;;;;maligno\imagenM_0172.jpg;maligno
maligno\imagenM_0180.jpg,benigno;;;;maligno\imagenM_0180.jpg;benigno
maligno\imagenM_0190.jpg,benigno;;;;maligno\imagenM_0190.jpg;benigno
maligno\imagenM_02.jpg,maligno;;;;maligno\imagenM_02.jpg;maligno
maligno\imagenM_020.jpg,benigno;;;;maligno\imagenM_020.jpg;benigno
maligno\imagenM_0201.jpg,benigno;;;;maligno\imagenM_0201.jpg;benigno
maligno\imagenM_0206.jpg,benigno;;;;maligno\imagenM_0206.jpg;benigno
maligno\imagenM_0211.jpg,maligno;;;;maligno\imagenM_0211.jpg;maligno
maligno\imagenM_0225.jpg,maligno;;;;maligno\imagenM_0225.jpg;maligno
maligno\imagenM_0227.jpg,benigno;;;;maligno\imagenM_0227.jpg;benigno
maligno\imagenM_023.jpg,maligno;;;;maligno\imagenM_023.jpg;maligno
maligno\imagenM_0242.jpg,benigno;;;;maligno\imagenM_0242.jpg;benigno
maligno\imagenM_0254.jpg,benigno;;;;maligno\imagenM_0254.jpg;benigno
maligno\imagenM_0256.jpg,benigno;;;;maligno\imagenM_0256.jpg;benigno
maligno\imagenM_0292.jpg,benigno;;;;maligno\imagenM_0292.jpg;benigno
maligno\imagenM_0294.jpg,benigno;;;;maligno\imagenM_0294.jpg;benigno
maligno\imagenM_0305.jpg,benigno;;;;maligno\imagenM_0305.jpg;benigno
maligno\imagenM_0371.jpg,maligno;;;;maligno\imagenM_0371.jpg;maligno
maligno\imagenM_040.jpg,maligno;;;;maligno\imagenM_040.jpg;maligno
maligno\imagenM_045.jpg,maligno;;;;maligno\imagenM_045.jpg;maligno
maligno\imagenM_058.jpg,benigno;;;;maligno\imagenM_058.jpg;benigno
maligno\imagenM_069.jpg,benigno;;;;maligno\imagenM_069.jpg;benigno
maligno\imagenM_07.jpg,maligno;;;;maligno\imagenM_07.jpg;maligno
maligno\imagenM_085.jpg,benigno;;;;maligno\imagenM_085.jpg;benigno
maligno\imagenM_086.jpg,benigno;;;;maligno\imagenM_086.jpg;benigno
maligno\imagenM_088.jpg,benigno;;;;maligno\imagenM_088.jpg;benigno
maligno\imagenM_089.jpg,benigno;;;;maligno\imagenM_089.jpg;benigno
maligno\imagenM_096.jpg,benigno;;;;maligno\imagenM_096.jpg;benigno
maligno\maligno_01.jpg,benigno;;;;maligno\maligno_01.jpg;benigno
maligno\maligno_02.jpg,benigno;;;;maligno\maligno_02.jpg;benigno
maligno\maligno_03.jpg,benigno;;;;maligno\maligno_03.jpg;benigno
maligno\maligno_04.jpg,maligno;;;;maligno\maligno_04.jpg;maligno
maligno\maligno_05.jpg,benigno;;;;maligno\maligno_05.jpg;benigno
maligno\maligno_06.jpg,benigno;;;;maligno\maligno_06.jpg;benigno
maligno\maligno_101.jpg,maligno;;;;maligno\maligno_101.jpg;maligno
maligno\maligno_102.jpg,benigno;;;;maligno\maligno_102.jpg;benigno
maligno\maligno_103.jpg,maligno;;;;maligno\maligno_103.jpg;maligno
maligno\maligno_104.jpg,maligno;;;;maligno\maligno_104.jpg;maligno
maligno\maligno_105.jpg,maligno;;;;maligno\maligno_105.jpg;maligno
maligno\maligno_106.jpg,maligno;;;;maligno\maligno_106.jpg;maligno
maligno\maligno_11.jpg,benigno;;;;maligno\maligno_11.jpg;benigno
maligno\maligno_111.jpg,maligno;;;;maligno\maligno_111.jpg;maligno
maligno\maligno_112.jpg,maligno;;;;maligno\maligno_112.jpg;maligno
maligno\maligno_113.jpg,maligno;;;;maligno\maligno_113.jpg;maligno
maligno\maligno_114.jpg,benigno;;;;maligno\maligno_114.jpg;benigno
maligno\maligno_115.jpg,maligno;;;;maligno\maligno_115.jpg;maligno
maligno\maligno_116.jpg,benigno;;;;maligno\maligno_116.jpg;benigno
maligno\maligno_12.jpg,maligno;;;;maligno\maligno_12.jpg;maligno
maligno\maligno_121.jpg,benigno;;;;maligno\maligno_121.jpg;benigno
maligno\maligno_122.jpg,maligno;;;;maligno\maligno_122.jpg;maligno
maligno\maligno_123.jpg,benigno;;;;maligno\maligno_123.jpg;benigno
maligno\maligno_124.jpg,maligno;;;;maligno\maligno_124.jpg;maligno
maligno\maligno_125.jpg,maligno;;;;maligno\maligno_125.jpg;maligno
maligno\maligno_126.jpg,benigno;;;;maligno\maligno_126.jpg;benigno
maligno\maligno_13.jpg,maligno;;;;maligno\maligno_13.jpg;maligno
maligno\maligno_131.jpg,maligno;;;;maligno\maligno_131.jpg;maligno
maligno\maligno_132.jpg,benigno;;;;maligno\maligno_132.jpg;benigno
maligno\maligno_133.jpg,maligno;;;;maligno\maligno_133.jpg;maligno
maligno\maligno_134.jpg,maligno;;;;maligno\maligno_134.jpg;maligno
maligno\maligno_135.jpg,maligno;;;;maligno\maligno_135.jpg;maligno
maligno\maligno_136.jpg,benigno;;;;maligno\maligno_136.jpg;benigno
maligno\maligno_14.jpg,benigno;;;;maligno\maligno_14.jpg;benigno
maligno\maligno_141.jpg,benigno;;;;maligno\maligno_141.jpg;benigno
maligno\maligno_142.jpg,benigno;;;;maligno\maligno_142.jpg;benigno
maligno\maligno_143.jpg,benigno;;;;maligno\maligno_143.jpg;benigno
maligno\maligno_144.jpg,maligno;;;;maligno\maligno_144.jpg;maligno
maligno\maligno_145.jpg,maligno;;;;maligno\maligno_145.jpg;maligno
maligno\maligno_146.jpg,maligno;;;;maligno\maligno_146.jpg;maligno
maligno\maligno_15.jpg,benigno;;;;maligno\maligno_15.jpg;benigno
maligno\maligno_151.jpg,maligno;;;;maligno\maligno_151.jpg;maligno
maligno\maligno_152.jpg,benigno;;;;maligno\maligno_152.jpg;benigno
maligno\maligno_153.jpg,maligno;;;;maligno\maligno_153.jpg;maligno
maligno\maligno_154.jpg,benigno;;;;maligno\maligno_154.jpg;benigno
maligno\maligno_155.jpg,benigno;;;;maligno\maligno_155.jpg;benigno
maligno\maligno_156.jpg,maligno;;;;maligno\maligno_156.jpg;maligno
maligno\maligno_16.jpg,maligno;;;;maligno\maligno_16.jpg;maligno
maligno\maligno_161.jpg,maligno;;;;maligno\maligno_161.jpg;maligno
maligno\maligno_162.jpg,benigno;;;;maligno\maligno_162.jpg;benigno
maligno\maligno_163.jpg,benigno;;;;maligno\maligno_163.jpg;benigno
maligno\maligno_164.jpg,benigno;;;;maligno\maligno_164.jpg;benigno
maligno\maligno_165.jpg,maligno;;;;maligno\maligno_165.jpg;maligno
maligno\maligno_166.jpg,benigno;;;;maligno\maligno_166.jpg;benigno
maligno\maligno_171.jpg,maligno;;;;maligno\maligno_171.jpg;maligno
maligno\maligno_172.jpg,maligno;;;;maligno\maligno_172.jpg;maligno
maligno\maligno_173.jpg,maligno;;;;maligno\maligno_173.jpg;maligno
maligno\maligno_174.jpg,maligno;;;;maligno\maligno_174.jpg;maligno
maligno\maligno_175.jpg,benigno;;;;maligno\maligno_175.jpg;benigno
maligno\maligno_176.jpg,benigno;;;;maligno\maligno_176.jpg;benigno
maligno\maligno_181.jpg,maligno;;;;maligno\maligno_181.jpg;maligno
maligno\maligno_182.jpg,maligno;;;;maligno\maligno_182.jpg;maligno
maligno\maligno_183.jpg,maligno;;;;maligno\maligno_183.jpg;maligno
maligno\maligno_184.jpg,benigno;;;;maligno\maligno_184.jpg;benigno
maligno\maligno_185.jpg,maligno;;;;maligno\maligno_185.jpg;maligno
maligno\maligno_186.jpg,maligno;;;;maligno\maligno_186.jpg;maligno
maligno\maligno_191.jpg,benigno;;;;maligno\maligno_191.jpg;benigno
maligno\maligno_192.jpg,maligno;;;;maligno\maligno_192.jpg;maligno
maligno\maligno_193.jpg,maligno;;;;maligno\maligno_193.jpg;maligno
maligno\maligno_194.jpg,maligno;;;;maligno\maligno_194.jpg;maligno
maligno\maligno_195.jpg,maligno;;;;maligno\maligno_195.jpg;maligno
maligno\maligno_196.jpg,maligno;;;;maligno\maligno_196.jpg;maligno
maligno\maligno_201.jpg,benigno;;;;maligno\maligno_201.jpg;benigno
maligno\maligno_202.jpg,maligno;;;;maligno\maligno_202.jpg;maligno
maligno\maligno_203.jpg,maligno;;;;maligno\maligno_203.jpg;maligno
maligno\maligno_204.jpg,maligno;;;;maligno\maligno_204.jpg;maligno
maligno\maligno_205.jpg,benigno;;;;maligno\maligno_205.jpg;benigno
maligno\maligno_206.jpg,maligno;;;;maligno\maligno_206.jpg;maligno
maligno\maligno_21.jpg,benigno;;;;maligno\maligno_21.jpg;benigno
maligno\maligno_211.jpg,maligno;;;;maligno\maligno_211.jpg;maligno
maligno\maligno_212.jpg,maligno;;;;maligno\maligno_212.jpg;maligno
maligno\maligno_213.jpg,benigno;;;;maligno\maligno_213.jpg;benigno
maligno\maligno_214.jpg,benigno;;;;maligno\maligno_214.jpg;benigno
maligno\maligno_215.jpg,maligno;;;;maligno\maligno_215.jpg;maligno
maligno\maligno_216.jpg,maligno;;;;maligno\maligno_216.jpg;maligno
maligno\maligno_22.jpg,benigno;;;;maligno\maligno_22.jpg;benigno
maligno\maligno_221.jpg,maligno;;;;maligno\maligno_221.jpg;maligno
maligno\maligno_222.jpg,benigno;;;;maligno\maligno_222.jpg;benigno
maligno\maligno_223.jpg,maligno;;;;maligno\maligno_223.jpg;maligno
maligno\maligno_224.jpg,maligno;;;;maligno\maligno_224.jpg;maligno
maligno\maligno_225.jpg,maligno;;;;maligno\maligno_225.jpg;maligno
maligno\maligno_226.jpg,benigno;;;;maligno\maligno_226.jpg;benigno
maligno\maligno_23.jpg,benigno;;;;maligno\maligno_23.jpg;benigno
maligno\maligno_231.jpg,benigno;;;;maligno\maligno_231.jpg;benigno
maligno\maligno_232.jpg,maligno;;;;maligno\maligno_232.jpg;maligno
maligno\maligno_233.jpg,maligno;;;;maligno\maligno_233.jpg;maligno
maligno\maligno_234.jpg,maligno;;;;maligno\maligno_234.jpg;maligno
maligno\maligno_235.jpg,benigno;;;;maligno\maligno_235.jpg;benigno
maligno\maligno_236.jpg,benigno;;;;maligno\maligno_236.jpg;benigno
maligno\maligno_24.jpg,benigno;;;;maligno\maligno_24.jpg;benigno
maligno\maligno_241.jpg,benigno;;;;maligno\maligno_241.jpg;benigno
maligno\maligno_242.jpg,maligno;;;;maligno\maligno_242.jpg;maligno
maligno\maligno_243.jpg,benigno;;;;maligno\maligno_243.jpg;benigno
maligno\maligno_244.jpg,maligno;;;;maligno\maligno_244.jpg;maligno
maligno\maligno_245.jpg,maligno;;;;maligno\maligno_245.jpg;maligno
maligno\maligno_246.jpg,benigno;;;;maligno\maligno_246.jpg;benigno
maligno\maligno_25.jpg,maligno;;;;maligno\maligno_25.jpg;maligno
maligno\maligno_251.jpg,benigno;;;;maligno\maligno_251.jpg;benigno
maligno\maligno_252.jpg,maligno;;;;maligno\maligno_252.jpg;maligno
maligno\maligno_253.jpg,maligno;;;;maligno\maligno_253.jpg;maligno
maligno\maligno_254.jpg,maligno;;;;maligno\maligno_254.jpg;maligno
maligno\maligno_255.jpg,maligno;;;;maligno\maligno_255.jpg;maligno
maligno\maligno_256.jpg,benigno;;;;maligno\maligno_256.jpg;benigno
maligno\maligno_26.jpg,benigno;;;;maligno\maligno_26.jpg;benigno
maligno\maligno_261.jpg,benigno;;;;maligno\maligno_261.jpg;benigno
maligno\maligno_262.jpg,maligno;;;;maligno\maligno_262.jpg;maligno
maligno\maligno_263.jpg,benigno;;;;maligno\maligno_263.jpg;benigno
maligno\maligno_264.jpg,maligno;;;;maligno\maligno_264.jpg;maligno
maligno\maligno_265.jpg,maligno;;;;maligno\maligno_265.jpg;maligno
maligno\maligno_266.jpg,benigno;;;;maligno\maligno_266.jpg;benigno
maligno\maligno_271.jpg,maligno;;;;maligno\maligno_271.jpg;maligno
maligno\maligno_272.jpg,maligno;;;;maligno\maligno_272.jpg;maligno
maligno\maligno_273.jpg,benigno;;;;maligno\maligno_273.jpg;benigno
maligno\maligno_274.jpg,maligno;;;;maligno\maligno_274.jpg;maligno
maligno\maligno_275.jpg,benigno;;;;maligno\maligno_275.jpg;benigno
maligno\maligno_276.jpg,benigno;;;;maligno\maligno_276.jpg;benigno
maligno\maligno_281.jpg,maligno;;;;maligno\maligno_281.jpg;maligno
maligno\maligno_282.jpg,maligno;;;;maligno\maligno_282.jpg;maligno
maligno\maligno_283.jpg,maligno;;;;maligno\maligno_283.jpg;maligno
maligno\maligno_284.jpg,maligno;;;;maligno\maligno_284.jpg;maligno
maligno\maligno_285.jpg,maligno;;;;maligno\maligno_285.jpg;maligno
maligno\maligno_286.jpg,maligno;;;;maligno\maligno_286.jpg;maligno
maligno\maligno_291.jpg,maligno;;;;maligno\maligno_291.jpg;maligno
maligno\maligno_292.jpg,maligno;;;;maligno\maligno_292.jpg;maligno
maligno\maligno_293.jpg,benigno;;;;maligno\maligno_293.jpg;benigno
maligno\maligno_294.jpg,maligno;;;;maligno\maligno_294.jpg;maligno
maligno\maligno_295.jpg,benigno;;;;maligno\maligno_295.jpg;benigno
maligno\maligno_296.jpg,benigno;;;;maligno\maligno_296.jpg;benigno
maligno\maligno_301.jpg,benigno;;;;maligno\maligno_301.jpg;benigno
maligno\maligno_302.jpg,maligno;;;;maligno\maligno_302.jpg;maligno
maligno\maligno_303.jpg,maligno;;;;maligno\maligno_303.jpg;maligno
maligno\maligno_304.jpg,maligno;;;;maligno\maligno_304.jpg;maligno
maligno\maligno_305.jpg,benigno;;;;maligno\maligno_305.jpg;benigno
maligno\maligno_306.jpg,maligno;;;;maligno\maligno_306.jpg;maligno
maligno\maligno_31.jpg,maligno;;;;maligno\maligno_31.jpg;maligno
maligno\maligno_311.jpg,benigno;;;;maligno\maligno_311.jpg;benigno
maligno\maligno_312.jpg,benigno;;;;maligno\maligno_312.jpg;benigno
maligno\maligno_313.jpg,maligno;;;;maligno\maligno_313.jpg;maligno
maligno\maligno_314.jpg,benigno;;;;maligno\maligno_314.jpg;benigno
maligno\maligno_315.jpg,benigno;;;;maligno\maligno_315.jpg;benigno
maligno\maligno_316.jpg,benigno;;;;maligno\maligno_316.jpg;benigno
maligno\maligno_32.jpg,benigno;;;;maligno\maligno_32.jpg;benigno
maligno\maligno_321.jpg,benigno;;;;maligno\maligno_321.jpg;benigno
maligno\maligno_322.jpg,maligno;;;;maligno\maligno_322.jpg;maligno
maligno\maligno_323.jpg,maligno;;;;maligno\maligno_323.jpg;maligno
maligno\maligno_324.jpg,maligno;;;;maligno\maligno_324.jpg;maligno
maligno\maligno_325.jpg,maligno;;;;maligno\maligno_325.jpg;maligno
maligno\maligno_326.jpg,benigno;;;;maligno\maligno_326.jpg;benigno
maligno\maligno_33.jpg,maligno;;;;maligno\maligno_33.jpg;maligno
maligno\maligno_331.jpg,benigno;;;;maligno\maligno_331.jpg;benigno
maligno\maligno_332.jpg,benigno;;;;maligno\maligno_332.jpg;benigno
maligno\maligno_333.jpg,benigno;;;;maligno\maligno_333.jpg;benigno
maligno\maligno_334.jpg,maligno;;;;maligno\maligno_334.jpg;maligno
maligno\maligno_335.jpg,maligno;;;;maligno\maligno_335.jpg;maligno
maligno\maligno_336.jpg,maligno;;;;maligno\maligno_336.jpg;maligno
maligno\maligno_34.jpg,benigno;;;;maligno\maligno_34.jpg;benigno
maligno\maligno_341.jpg,maligno;;;;maligno\maligno_341.jpg;maligno
maligno\maligno_342.jpg,maligno;;;;maligno\maligno_342.jpg;maligno
maligno\maligno_343.jpg,maligno;;;;maligno\maligno_343.jpg;maligno
maligno\maligno_344.jpg,benigno;;;;maligno\maligno_344.jpg;benigno
maligno\maligno_345.jpg,maligno;;;;maligno\maligno_345.jpg;maligno
maligno\maligno_346.jpg,maligno;;;;maligno\maligno_346.jpg;maligno
maligno\maligno_35.jpg,maligno;;;;maligno\maligno_35.jpg;maligno
maligno\maligno_351.jpg,benigno;;;;maligno\maligno_351.jpg;benigno
maligno\maligno_352.jpg,maligno;;;;maligno\maligno_352.jpg;maligno
maligno\maligno_353.jpg,maligno;;;;maligno\maligno_353.jpg;maligno
maligno\maligno_354.jpg,maligno;;;;maligno\maligno_354.jpg;maligno
maligno\maligno_355.jpg,benigno;;;;maligno\maligno_355.jpg;benigno
maligno\maligno_356.jpg,maligno;;;;maligno\maligno_356.jpg;maligno
maligno\maligno_36.jpg,maligno;;;;maligno\maligno_36.jpg;maligno
maligno\maligno_361.jpg,benigno;;;;maligno\maligno_361.jpg;benigno
maligno\maligno_362.jpg,benigno;;;;maligno\maligno_362.jpg;benigno
maligno\maligno_363.jpg,maligno;;;;maligno\maligno_363.jpg;maligno
maligno\maligno_364.jpg,benigno;;;;maligno\maligno_364.jpg;benigno
maligno\maligno_365.jpg,benigno;;;;maligno\maligno_365.jpg;benigno
maligno\maligno_366.jpg,maligno;;;;maligno\maligno_366.jpg;maligno
maligno\maligno_371.jpg,maligno;;;;maligno\maligno_371.jpg;maligno
maligno\maligno_372.jpg,maligno;;;;maligno\maligno_372.jpg;maligno
maligno\maligno_373.jpg,maligno;;;;maligno\maligno_373.jpg;maligno
maligno\maligno_374.jpg,maligno;;;;maligno\maligno_374.jpg;maligno
maligno\maligno_375.jpg,maligno;;;;maligno\maligno_375.jpg;maligno
maligno\maligno_376.jpg,maligno;;;;maligno\maligno_376.jpg;maligno
maligno\maligno_381.jpg,benigno;;;;maligno\maligno_381.jpg;benigno
maligno\maligno_382.jpg,benigno;;;;maligno\maligno_382.jpg;benigno
maligno\maligno_383.jpg,benigno;;;;maligno\maligno_383.jpg;benigno
maligno\maligno_384.jpg,benigno;;;;maligno\maligno_384.jpg;benigno
maligno\maligno_385.jpg,maligno;;;;maligno\maligno_385.jpg;maligno
maligno\maligno_386.jpg,maligno;;;;maligno\maligno_386.jpg;maligno
maligno\maligno_41.jpg,maligno;;;;maligno\maligno_41.jpg;maligno
maligno\maligno_42.jpg,maligno;;;;maligno\maligno_42.jpg;maligno
maligno\maligno_43.jpg,maligno;;;;maligno\maligno_43.jpg;maligno
maligno\maligno_44.jpg,benigno;;;;maligno\maligno_44.jpg;benigno
maligno\maligno_45.jpg,benigno;;;;maligno\maligno_45.jpg;benigno
maligno\maligno_46.jpg,maligno;;;;maligno\maligno_46.jpg;maligno
maligno\maligno_51.jpg,benigno;;;;maligno\maligno_51.jpg;benigno
maligno\maligno_52.jpg,maligno;;;;maligno\maligno_52.jpg;maligno
maligno\maligno_53.jpg,maligno;;;;maligno\maligno_53.jpg;maligno
maligno\maligno_54.jpg,maligno;;;;maligno\maligno_54.jpg;maligno
maligno\maligno_55.jpg,benigno;;;;maligno\maligno_55.jpg;benigno
maligno\maligno_56.jpg,maligno;;;;maligno\maligno_56.jpg;maligno
maligno\maligno_61.jpg,benigno;;;;maligno\maligno_61.jpg;benigno
maligno\maligno_62.jpg,benigno;;;;maligno\maligno_62.jpg;benigno
maligno\maligno_63.jpg,maligno;;;;maligno\maligno_63.jpg;maligno
maligno\maligno_64.jpg,maligno;;;;maligno\maligno_64.jpg;maligno
maligno\maligno_65.jpg,benigno;;;;maligno\maligno_65.jpg;benigno
maligno\maligno_66.jpg,benigno;;;;maligno\maligno_66.jpg;benigno
maligno\maligno_71.jpg,benigno;;;;maligno\maligno_71.jpg;benigno
maligno\maligno_72.jpg,benigno;;;;maligno\maligno_72.jpg;benigno
maligno\maligno_73.jpg,benigno;;;;maligno\maligno_73.jpg;benigno
maligno\maligno_74.jpg,maligno;;;;maligno\maligno_74.jpg;maligno
maligno\maligno_75.jpg,maligno;;;;maligno\maligno_75.jpg;maligno
maligno\maligno_76.jpg,benigno;;;;maligno\maligno_76.jpg;benigno
maligno\maligno_81.jpg,maligno;;;;maligno\maligno_81.jpg;maligno
maligno\maligno_82.jpg,maligno;;;;maligno\maligno_82.jpg;maligno
maligno\maligno_83.jpg,maligno;;;;maligno\maligno_83.jpg;maligno
maligno\maligno_84.jpg,maligno;;;;maligno\maligno_84.jpg;maligno
maligno\maligno_85.jpg,maligno;;;;maligno\maligno_85.jpg;maligno
maligno\maligno_86.jpg,maligno;;;;maligno\maligno_86.jpg;maligno
maligno\maligno_91.jpg,maligno;;;;maligno\maligno_91.jpg;maligno
maligno\maligno_92.jpg,maligno;;;;maligno\maligno_92.jpg;maligno
maligno\maligno_93.jpg,maligno;;;;maligno\maligno_93.jpg;maligno
maligno\maligno_94.jpg,maligno;;;;maligno\maligno_94.jpg;maligno
maligno\maligno_95.jpg,maligno;;;;maligno\maligno_95.jpg;maligno
maligno\maligno_96.jpg,maligno;;;;maligno\maligno_96.jpg;maligno
